{"cameraMode":{"drawMode":0,"name":"Shaded","section":"Shading Mode"},"sceneLighting":true,"audioPlay":false,"sceneViewState":{"showFog":true,"showMaterialUpdate":false,"showSkybox":false,"showFlares":true,"showImageEffects":true,"showParticleSystems":true},"in2DMode":false,"pivot":{"x":-0.13879789412021638,"y":-0.2501712143421173,"z":0.17665523290634156},"rotation":{"x":0.023382103070616723,"y":0.9662664532661438,"z":-0.23831573128700257,"w":0.09480415284633637},"size":0.355201780796051,"orthographic":false}