{"cameraMode":{"drawMode":0,"name":"Shaded","section":"Shading Mode"},"sceneLighting":false,"audioPlay":false,"sceneViewState":{"showFog":true,"showMaterialUpdate":false,"showSkybox":false,"showFlares":true,"showImageEffects":true,"showParticleSystems":true},"in2DMode":false,"pivot":{"x":-8.580554962158204,"y":-6.614018440246582,"z":-53.24851608276367},"rotation":{"x":-0.00466805137693882,"y":0.9952865839004517,"z":-0.07328570634126663,"w":-0.06338782608509064},"size":31.761415481567384,"orthographic":false}