{"cameraMode":{"drawMode":0,"name":"Shaded","section":"Shading Mode"},"sceneLighting":false,"audioPlay":false,"sceneViewState":{"showFog":true,"showMaterialUpdate":false,"showSkybox":false,"showFlares":true,"showImageEffects":true,"showParticleSystems":true},"in2DMode":false,"pivot":{"x":-11.179203033447266,"y":1.2915661334991456,"z":-8.239764213562012},"rotation":{"x":-0.005379987880587578,"y":0.8938930630683899,"z":-0.010726089589297772,"w":-0.4481281042098999},"size":8.23589038848877,"orthographic":false}