{"cameraMode":{"drawMode":0,"name":"Shaded","section":"Shading Mode"},"sceneLighting":true,"audioPlay":false,"sceneViewState":{"showFog":true,"showMaterialUpdate":false,"showSkybox":false,"showFlares":true,"showImageEffects":true,"showParticleSystems":true},"in2DMode":false,"pivot":{"x":0.3915233910083771,"y":0.002778733614832163,"z":0.10394110530614853},"rotation":{"x":-0.0028466638177633287,"y":-0.7744757533073425,"z":-0.0034851639065891506,"w":0.632587730884552},"size":0.28280654549598696,"orthographic":false}